id,Title,Content,original_tv_station_address,_original_tv_station_address,archive_1_name,_archive_1_name,archive_1_url,_archive_1_url,archive_2_name,_archive_2_name,archive_2_URL,_archive_2_URL,station_on_air_date,_station_on_air_date,station_off_air_date,_station_off_air_date,Visual,_Visual,Audio,_Audio,height_from_average_terrain,_height_from_average_terrain,height_from_ground,_height_from_ground,channel_code,_channel_code,archive_name,city,url,timeline,state,original_address,geo_address,geo_date,geo_longitude,geo_latitude,tower_power_statistics,_tower_power_statistics,station_power,_station_power,_,_city,_city,_state,city name,_city name,_encloseme,_pingme,_wp_old_date
356, (109)  The Nedom L. Angier house,"<!-- wp:paragraph -->
<p> (109)  The Nedom L. Angier house – built during the 1850 decade, occupied as headquarters by Maj. Gen. John M. Schofield, commander of the Army of Ohio, during the occupation of Atlanta by Federal forces in Sept. 1864.</p>
<!-- /wp:paragraph -->

<!-- wp:paragraph -->
<p>&nbsp;&nbsp;&nbsp;&nbsp;&nbsp;&nbsp;&nbsp;&nbsp;&nbsp;&nbsp;&nbsp; (Old Angier house – southeast cor. Washington St., and Capitol Square – due east of City Hall)</p>
<!-- /wp:paragraph -->",,,,,,,,,,,,,,,,,,,,,,,,,,,,,,,,,,,,,,,,,,,,,,,
155,"(1) A point in the outer line of defense works, occupied by Hardee’s Corps, July 18 – 22, 1864.","<!-- wp:paragraph -->
<p id=""1-A-point-in-the-outer-line-of-defense-works,-occupied-by-Hardee’s-Corps,-July-18-22,-1864.""><span style=""text-decoration: underline;""><strong>Wilbur Kurtz's Archival Description</strong>:</span></p>
<!-- /wp:paragraph -->

<!-- wp:paragraph -->
<p id=""block-12c0571a-9426-4b76-a666-1c5172c76869"">(1) A point in the outer line of defense works, occupied by Hardee’s Corps, July 18 – 22, 1864. From this position, Walker’s Division advanced to the Battle of Peachtree Creek, July 20, 1864.</p>
<!-- /wp:paragraph -->

<!-- wp:paragraph -->
<p id=""block-12c0571a-9426-4b76-a666-1c5172c76869""><br>(On Beverly Road – Northside of same – some three or four hundred feet east of Peachtree Road)</p>
<!-- /wp:paragraph -->

<!-- wp:paragraph -->
<p id=""block-3443798a-7c88-4de5-92f9-1fc7738947c4""><strong><span style=""text-decoration: underline;"">Newspaper Description:</span></strong></p>
<!-- /wp:paragraph -->",,,,,,,,,,,,,,,,,,,,,,,,,,,,,,,,,,,,,,,,,,,,,,,
1017,(10) Spelman College,"<!-- wp:paragraph -->
<p><strong><span style=""text-decoration: underline;"">Wilbur Kurtz's Archival Description</span></strong>:</p>
<!-- /wp:paragraph -->

<!-- wp:paragraph -->
<p>(10) Spelman College. Estabilished 1881; moved to part of this area in 1883. Site used as Militia Muster Grounds, 1836-1863. Site of Confederate Rifle and Cartridge Factory 1863-1865. The Military Barracks of Fort McPherson established here in 1865 – occupied site until 1885.</p>
<!-- /wp:paragraph -->

<!-- wp:paragraph -->
<p>(Some prominent part of Spelman Campus Leonard St. or Ella St. front)</p>
<!-- /wp:paragraph -->

<!-- wp:paragraph -->
<p><strong><span style=""text-decoration: underline;"">Newspaper Description:</span></strong></p>
<!-- /wp:paragraph -->",,,,,,,,,,,,,,,,,,,,,,,,,,,,,,,,,,,,,,,,,,,,,,,
329,(100) Site of the Battle of Atlanta￼,"<!-- wp:paragraph -->
<p>Wilbur J. Kurtz's archival description:</p>
<!-- /wp:paragraph -->

<!-- wp:paragraph -->
<p>(100)   Late afternoon, July 20, 1864, Brig. Gen. Gresham, commanding 4<sup>th</sup> div. Federal 17<sup>th</sup> Corps, was severely wounded while pressing the attack on Wheeler’s Cavalry, posted on Leggett’s Hill. From this point, July 22d, Gen. ,McPherson watched the fighting in the valley of sugar creek where Walker’s div. of Hardee’s Corps, C.S.A, was attacking the 16<sup>th</sup> corps. A few minutes later, McPherson rode forward and was killed one block southward where his monument stands.</p>
<!-- /wp:paragraph -->

<!-- wp:paragraph -->
<p>(Hill-top where Murphy Junior High School now stands)</p>
<!-- /wp:paragraph -->

<!-- wp:paragraph -->
<p>Newspaper description:</p>
<!-- /wp:paragraph -->

<!-- wp:paragraph -->
<p></p>
<!-- /wp:paragraph -->",,,,,,,,,,,,,,,,,,,,,,,,,,,,,,,,,,,,,,,,,,,,,,,
333,"(101) Battlefield of Atlanta, July 22, 1864￼","<!-- wp:paragraph -->
<p>Wilbur J. Kurtz's archival description:</p>
<!-- /wp:paragraph -->

<!-- wp:paragraph -->
<p>(101) Battlefield of Atlanta, July 22, 1864</p>
<!-- /wp:paragraph -->

<!-- wp:paragraph -->
<p>At this point the Battle of Atlanta began at noon. Walker’s and Bate’s divisions of Hardee’s Corps (C.S.A), moving from southward and eastward to attack the rear of McPherson’s troops on Leggett’s Hill and along the Moreland Ave., unexpectedly struck sweeny’s div. of the Federal 16<sup>th</sup> Corps, moving southward on Clay St. from north of the Georgia R.R.</p>
<!-- /wp:paragraph -->

<!-- wp:paragraph -->
<p>(At the intersection of Clay St. and Memorial Drive)</p>
<!-- /wp:paragraph -->",,,,,,,,,,,,,,,,,,,,,,,,,,,,,,,,,,,,,,,,,,,,,,,
338,(102)Sweeny's Div. of the Federal 16th Corps,"<!-- wp:paragraph -->
<p>Wilbur J. Kurtz's archival description:</p>
<!-- /wp:paragraph -->

<!-- wp:paragraph -->
<p>(102)   This fragment of intrenchments marks the position of Sweeny’s div. of the Federal 16<sup>th</sup> Corps, in reserve, July 20, 21, 1861. At noon of the 22<sup>nd</sup>, the div. marched southward, crossed the railroad, and but the way of Clay St. reached Memorial Drive where it was attacked by Walker’s and Bate’s divisions of Hardee’s Corps, C.S.A, which encounter began the Battle of Atlanta.</p>
<!-- /wp:paragraph -->

<!-- wp:paragraph -->
<p>(On fragment of breastworks – McLendon Ave. end of Candler Park – Just east of Mayson Ave.)</p>
<!-- /wp:paragraph -->",,,,,,,,,,,,,,,,,,,,,,,,,,,,,,,,,,,,,,,,,,,,,,,
342,(103) Fortified line of Atlanta Siege,"<!-- wp:paragraph -->
<p>(103)   These entrenched works are a part of the fortified line that encircled Atlanta during the siege of Atlanta,  July 22d – Aug. 25th, 1864. From this line, the troops of Cheatham’s corps advanced eastward across entrenchment Creek valley to attack the Federal 15<sup>th</sup> and 17<sup>th</sup> corps along Moreland Ave., July 22d.</p>
<!-- /wp:paragraph -->

<!-- wp:paragraph -->
<p>(Triangle bounded by Kalb – Bryan and Waldo Sts.- 100 feet east of S. Boulevard, and just south of Home for Incurables)</p>
<!-- /wp:paragraph -->",,,,,,,,,,,,,,,,,,,,,,,,,,,,,,,,,,,,,,,,,,,,,,,
344,(104) Site of Maj. Gen. James B. McPherson death,"<!-- wp:paragraph -->
<p>(104)    This monument marks the scene of the death of Maj. Gen. James B. McPherson, commanding the federal army of Tennessee, July 22, 1864.</p>
<!-- /wp:paragraph -->

<!-- wp:paragraph -->
<p>Gen. McPherson was en route from northward to the left of his line at Glenwood and flat shoals Rd. At this point the rode squarely into a line of skirmishers of Cleburne’s div. of Hardee’s Corps and was shot by them when he refused to surrender.</p>
<!-- /wp:paragraph -->

<!-- wp:paragraph -->
<p>(Within the iron railing of the McPherson monument- McPherson Ave., and Monument Ave., in east Atlanta. No inscription is on the monument other than the one word – “McPherson”.)</p>
<!-- /wp:paragraph -->",,,,,,,,,,,,,,,,,,,,,,,,,,,,,,,,,,,,,,,,,,,,,,,
348,(105)   Fort Walker,"<!-- wp:paragraph -->
<p>(105)   Fort Walker – On this, the summit of Dabney’s Hill, was constructed the southeastern salient angle of this entrenched line of the fortifications surrounding Atlanta, occupied by Confederate forces during the siege of the city, July 22 – Aug. 25, 1864.</p>
<!-- /wp:paragraph -->

<!-- wp:paragraph -->
<p>It was named Fort Walker in honor of Maj. Gen. N. H. T. Walker who killed in battle two miles east of this point, July 22d, 1864.</p>
<!-- /wp:paragraph -->

<!-- wp:paragraph -->
<p>&nbsp;&nbsp;&nbsp;&nbsp;&nbsp;&nbsp;&nbsp;&nbsp; (Southeastern corner of Grant Park)</p>
<!-- /wp:paragraph -->",,,,,,,,,,,,,,,,,,,,,,,,,,,,,,,,,,,,,,,,,,,,,,,
350,"(106) Fortification occupied by Confederate forces during the siege of Atlanta, July 22 - Aug. 25, 1864","<!-- wp:paragraph -->
<p>(106)   This fragment of breastworks is a remnant of the city fortifications occupied by Confederate forces during the siege of Atlanta, July 22 – Aug. 25, 1864. The line completely encircled the city, aggregating twelve miles of forts and rifle pits, and was laid out by Lemuel P. Grant, engineer, who in 1883 donated the original 100 acres of this area for a city park.</p>
<!-- /wp:paragraph -->

<!-- wp:paragraph -->
<p>            (North of the driveway, nearly midway between Augusta Ave. entrance of Grant Park and the refreshment building in front of Cyclorama)</p>
<!-- /wp:paragraph -->",,,,,,,,,,,,,,,,,,,,,,,,,,,,,,,,,,,,,,,,,,,,,,,
352,(107)   Site of the James E. Williams house in 1864,"<!-- wp:paragraph -->
<p>(107)   Site of the James E. Williams house in 1864. Gen. John B. Hood watched the battle of Atlanta from the second floor of this house, on July 22d, 1864.</p>
<!-- /wp:paragraph -->

<!-- wp:paragraph -->
<p>            ( In Oakland Cemetery – North of the cemetery office – halfway between building and north wall of the cemetery)</p>
<!-- /wp:paragraph -->",,,,,,,,,,,,,,,,,,,,,,,,,,,,,,,,,,,,,,,,,,,,,,,
354,"(108)   Site of a Confederate fort in a line of works erected July 28th, 1864","<!-- wp:paragraph -->
<p>(108)&nbsp;&nbsp; Site of a Confederate fort in a line of works erected July 28<sup>th</sup>, 1864, to protect the two railroads entering the City from the Southwest. This line extended below East Point.</p>
<!-- /wp:paragraph -->

<!-- wp:paragraph -->
<p>            (Elevated ground bounded by Green’s Ferry Ave., Lawton St., Sells Ave., and Abbott St.)</p>
<!-- /wp:paragraph -->",,,,,,,,,,,,,,,,,,,,,,,,,,,,,,,,,,,,,,,,,,,,,,,
1018,(11) Hardy Ivy’s Cabin,"<!-- wp:paragraph -->
<p><strong><span style=""text-decoration: underline;"">Wilbur Kurtz's Archival Description</span></strong>:</p>
<!-- /wp:paragraph -->

<!-- wp:paragraph -->
<p>(11) <span style=""text-decoration: underline;"">Hardy Ivy’s Cabin</span>. Near this spot stood the cabin of hewn logs, erected by Hardy Ivy, the first resident in the present down-town area of Atlanta. Land Lot 51 was purchased by him from James Paden, Jan. 1, 1839. Ivy St. takes its name from this pioneer citizen.</p>
<!-- /wp:paragraph -->

<!-- wp:paragraph -->
<p>(Edgar Lafayette Ivy – grandson of Hardy – told the writer – July 3<sup>rd</sup>, 1937 – that Hardy Ivy built his cabin of hewn logs on the high ground between two hundred and three hundred feet north of Auburn Avenue, at a point – 1. In the middle of Ivy St. 2. Just East of Ivy St. a short distance. 3. Just West of Ivy St. a short distance. This marker would not be far from the correct site if it were emplaced on the Ivy St. front of the new Toll Bldg. – at the North end of same – where the iron fence begins. E.L. Ivy is the son of Henry P. Ivy whose house stood for many years at the N.E. cor. Pryor and Auburn – in Hardy Ivy’s Land Lot 51. This statement by E.L. Ivy is information he derived from his father, and we deem it the …</p>
<!-- /wp:paragraph -->

<!-- wp:paragraph -->
<p><strong><span style=""text-decoration: underline;"">Newspaper Description:</span></strong></p>
<!-- /wp:paragraph -->",,,,,,,,,,,,,,,,,,,,,,,,,,,,,,,,,,,,,,,,,,,,,,,
358,"(110)   Confederate fort in line of City defense works during the siege of Atlanta July 22 – Aug. 25, 1864.","<!-- wp:paragraph -->
<p>(110)   Confederate fort in line of City defense works during the siege of Atlanta July 22 – Aug. 25, 1864.</p>
<!-- /wp:paragraph -->

<!-- wp:paragraph -->
<p>            (High hill bounded by Kennedy, Sunset, Jett, and Elm Sts., in Land Lot 111 of the 14<sup>th</sup> 1<sup>st</sup>., Fulton County. This is possibly the best-preserved fort in the city – even a better one than fort Walker in Grant Park. The ground has never been disturbed and is well worth a trip out  there to see it)</p>
<!-- /wp:paragraph -->",,,,,,,,,,,,,,,,,,,,,,,,,,,,,,,,,,,,,,,,,,,,,,,
96,(111) Site of Engine House No. 2,"<!-- wp:paragraph -->
<p><strong><span style=""text-decoration: underline;"">Wilbur Kurtz's Archival Description</span></strong>:</p>
<!-- /wp:paragraph -->

<!-- wp:paragraph -->
<p>(111) Site of Engine House No. 2 - Mechanic's Fire Company. Organized Dec. 10 1856. Used as a prison during the occupation of the city by Federal forces, September through November 1864. </p>
<!-- /wp:paragraph -->

<!-- wp:paragraph -->
<p>(Southeastern Corner Washington Street and Georgia Railroad.)</p>
<!-- /wp:paragraph -->

<!-- wp:paragraph -->
<p><strong><span style=""text-decoration: underline;"">Newspaper Description:</span></strong></p>
<!-- /wp:paragraph -->

<!-- wp:paragraph -->
<p>(111) Site of Engine House No. 2 - Used as a prison during the occupation of the city by Federal forces, September through November 1864.</p>
<!-- /wp:paragraph -->

<!-- wp:paragraph -->
<p>(East side Washington Street between Railroad and Hunter Street.) (E-6)</p>
<!-- /wp:paragraph -->",,,,,,,,,,,,,,,,,,,,,,,,,,,,,,,,,,,,,,,,,,,,,,,
98,"(112) Site of the Residence of James M. Calhoun, Mayor of Atlanta, 1862-1865","<!-- wp:paragraph -->
<p><strong><span style=""text-decoration: underline;"">Wilbur Kurtz's Archival Description</span></strong>:</p>
<!-- /wp:paragraph -->

<!-- wp:paragraph -->
<p>(112) Site of the Residence of James M. Calhoun, Mayor of Atlanta, 1862-1865. Used as headquarters by Maj. General John W. Geary, division commander of the Federal 20<sup>th</sup> Corps, during the occupation of the city by federal forces, September 2<sup>nd</sup> – November 15, 1864.</p>
<!-- /wp:paragraph -->

<!-- wp:paragraph -->
<p>(Southwest corner, Washington and Produce Row – the latter being a prolongation of Alabama Street.)</p>
<!-- /wp:paragraph -->

<!-- wp:paragraph -->
<p><strong><span style=""text-decoration: underline;"">Newspaper Description:</span></strong></p>
<!-- /wp:paragraph -->

<!-- wp:paragraph -->
<p>(112) General John W. Geary's headquarters during occupation of City by the Federal forces. 1864. (Northwest corner Washington and Hunter Street) (E-6)</p>
<!-- /wp:paragraph -->",,,,,,,,,,,,,,,,,,,,,,,,,,,,,,,,,,,,,,,,,,,,,,,
100,(113) Route of Hardee’s Corps – July 22nd 1864,"<!-- wp:paragraph -->
<p><strong><span style=""text-decoration: underline;"">Wilbur Kurtz's Archival Description</span></strong>:</p>
<!-- /wp:paragraph -->

<!-- wp:paragraph -->
<p>(113) Route of Hardee’s Corps – July 22<sup>nd</sup> 1864</p>
<!-- /wp:paragraph -->

<!-- wp:paragraph -->
<p>On this, the old Fayetteville road, the troops of Lt. general William J. Hardee’s Corps, having crossed Entrenchment Creek at Cobb’s Hill south of this point, marched toward the flank and rear of the Federal Army of the Tennessee in East Atlanta.</p>
<!-- /wp:paragraph -->

<!-- wp:paragraph -->
<p>Cleburne’s and Maney’s divisions took the left fork and Walker’s and Kate’s divisions, the Right – as did the cavalry of Major General Joseph Wheeler, en route to Decatur.</p>
<!-- /wp:paragraph -->

<!-- wp:paragraph -->
<p>(On Boulder Crest Drive – East side of same – at forks of the road north of the Akers house)</p>
<!-- /wp:paragraph -->

<!-- wp:paragraph -->
<p><strong><span style=""text-decoration: underline;"">Newspaper Description:</span></strong></p>
<!-- /wp:paragraph -->",,,,,,,,,,,,,,,,,,,,,,,,,,,,,,,,,,,,,,,,,,,,,,,
102,(114) Terry’s Mill Pond,"<!-- wp:paragraph -->
<p><strong><span style=""text-decoration: underline;"">Wilbur Kurtz's Archival Description</span></strong>:</p>
<!-- /wp:paragraph -->

<!-- wp:paragraph -->
<p>(114) Terry’s Mill Pond</p>
<!-- /wp:paragraph -->

<!-- wp:paragraph -->
<p>In the low ground south of this road the impounded water of Sugar Creek was known as Terry’s Mill Pond – 1842-1870. The mill, which stood some distance down stream, was burned by Reilly’s Brigade, Cox’s Division of the Federal 23d Corps, July 27 1864. It was rebuilt after the war.</p>
<!-- /wp:paragraph -->

<!-- wp:paragraph -->
<p>(On Glenwood Avenue, one mile east of East Atlanta P.O. – where Glenwood crosses Sugar Creek – near Walker Monument.)</p>
<!-- /wp:paragraph -->

<!-- wp:paragraph -->
<p>(My understanding is that a number of these East Atlanta markers will be setup by DeKalb County organizations --- Kurtz)</p>
<!-- /wp:paragraph -->

<!-- wp:paragraph -->
<p><strong><span style=""text-decoration: underline;"">Newspaper Description:</span></strong></p>
<!-- /wp:paragraph -->

<!-- wp:paragraph -->
<p>(114) Site of Terry's Mill Pond. Severe fighting here during battle of Atlanta (Near Walker Monument) (G-7)</p>
<!-- /wp:paragraph -->",,,,,,,,,,,,,,,,,,,,,,,,,,,,,,,,,,,,,,,,,,,,,,,
105,(115) This house was built by Solomon Goodwin and his Indian neighbors in 1831.,"<!-- wp:paragraph -->
<p><strong><span style=""text-decoration: underline;"">Wilbur Kurtz's Archival Description</span></strong>:</p>
<!-- /wp:paragraph -->

<!-- wp:paragraph -->
<p>(115) This house was built by Solomon Goodwin and his Indian neighbors in 1831. It still bears marks of vandalism by Federal soldiers who occupied the house in the summer of 1864.</p>
<!-- /wp:paragraph -->

<!-- wp:paragraph -->
<p>(In yard of old Goodwin House – Goodwin’s Crossing – Peachtree Road – Across same from a group of stores. This house is a little south of Hospital 48 and is in land lot 239 of the 18<sup>th</sup> district, DeKalb County.)</p>
<!-- /wp:paragraph -->

<!-- wp:paragraph -->
<p></p>
<!-- /wp:paragraph -->

<!-- wp:paragraph -->
<p><strong><span style=""text-decoration: underline;"">Newspaper Description:</span></strong></p>
<!-- /wp:paragraph -->",,,,,,,,,,,,,,,,,,,,,,,,,,,,,,,,,,,,,,,,,,,,,,,
1003,"(116) Here was located the now vanished town of Old Cross Keys – Circa, 1845-1870.","<!-- wp:paragraph -->
<p><strong><span style=""text-decoration: underline;"">Wilbur Kurtz's Archival Description</span></strong>:</p>
<!-- /wp:paragraph -->

<!-- wp:paragraph -->
<p>(116) Here was located the now vanished town of Old Cross Keys – Circa, 1845-1870. James Reeves was storekeeper and Postmaster.</p>
<!-- /wp:paragraph -->

<!-- wp:paragraph -->
<p>On July 18<sup>th</sup>, 1864, troops of the Federal 16<sup>th</sup> and 23<sup>rd</sup> Corps passed this way, en route to Atlanta – the 16<sup>th</sup> turned eastward here – the 23d southward. General W.T. Sherman rode with the 23<sup>rd</sup> Corpse.</p>
<!-- /wp:paragraph -->

<!-- wp:paragraph -->
<p>(At crossroads – (near large oak tree) north of H. Cobb Caldwell’s residence on Peachtree Road. Old Cross Keys site is not on Peachtree Road, however, but on the road to the left of Caldwell house as you face toward its front.)</p>
<!-- /wp:paragraph -->

<!-- wp:paragraph -->
<p><strong><span style=""text-decoration: underline;"">Newspaper Description:</span></strong></p>
<!-- /wp:paragraph -->",,,,,,,,,,,,,,,,,,,,,,,,,,,,,,,,,,,,,,,,,,,,,,,
110,(117) The Samuel House residence,"<!-- wp:paragraph -->
<p><strong><span style=""text-decoration: underline;"">Wilbur Kurtz's Archival Description</span></strong>:</p>
<!-- /wp:paragraph -->

<!-- wp:paragraph -->
<p>(117) The Samuel House residence – build circa 1855. Occupied as headquarters July 18<sup>th</sup>, 1864 by General W.T. Sherman, en route to Atlanta. Cox’s division of the federal 23<sup>rd</sup> Corps camped nearby.</p>
<!-- /wp:paragraph -->

<!-- wp:paragraph -->
<p>(On road side – H. Cobb Caldwell’s Residence – Peachtree Road North of Oglethorpe University.)</p>
<!-- /wp:paragraph -->

<!-- wp:paragraph -->
<p><strong><span style=""text-decoration: underline;"">Newspaper Description:</span></strong></p>
<!-- /wp:paragraph -->",,,,,,,,,,,,,,,,,,,,,,,,,,,,,,,,,,,,,,,,,,,,,,,
1011,"(2) A point in the outer line of defense works, occupied by Hardee’s Corps, July 18 – 22, 1864.","<!-- wp:paragraph -->
<p id=""1-A-point-in-the-outer-line-of-defense-works,-occupied-by-Hardee’s-Corps,-July-18-22,-1864.""><span style=""text-decoration: underline;""><strong>Wilbur Kurtz's Archival Description</strong>:</span></p>
<!-- /wp:paragraph -->

<!-- wp:paragraph -->
<p>(2) A point in the outer line of defense works, occupied by Hardee’s Corps, July 18 – 22, 1864. From this position Bate’s Division advanced to the Battle of Peachtree Creek, July 20, 1864.</p>
<!-- /wp:paragraph -->

<!-- wp:paragraph -->
<p>(North end of Piedmont Park on a 25 ft. remnant of the intrenched line still visible)</p>
<!-- /wp:paragraph -->

<!-- wp:paragraph -->
<p id=""block-3443798a-7c88-4de5-92f9-1fc7738947c4""><strong><span style=""text-decoration: underline;"">Newspaper Description:</span></strong></p>
<!-- /wp:paragraph -->",,,,,,,,,,,,,,,,,,,,,,,,,,,,,,,,,,,,,,,,,,,,,,,
1004,(24) Residence of Maxwell R. Berry.,"<!-- wp:paragraph -->
<p><strong>Wilbur Kurtz' archival description</strong>:</p>
<!-- /wp:paragraph -->

<!-- wp:paragraph -->
<p>(24) Site of the residence of Maxwell R. Berry; occupied as Headquarters by Maj. Gen. William W. Loring, CSA., 1864.</p>
<!-- /wp:paragraph -->

<!-- wp:paragraph -->
<p>(Northwest corner, Walton and Fairlie Streets.  The house faced on Fairlie Street.).</p>
<!-- /wp:paragraph -->

<!-- wp:paragraph -->
<p><strong>Newspaper description:</strong></p>
<!-- /wp:paragraph -->",,,,,,,,,,,,,,,,,,,,,,,,,,,,,,,,,,,,,,,,,,,,,,,
1005,"(25) Wesley Chapel, 1848-1870; First Methodist Church, 1870-1904.","<!-- wp:paragraph -->
<p><strong>Wilbur Kurtz's Archival Description</strong>:</p>
<!-- /wp:paragraph -->

<!-- wp:paragraph -->
<p>(25) Site of Wesley Chapel, 1848-1870; First Methodist Church, 1870-1904.&nbsp; North half of lot occupied by Confederate Commissary Dept., 1863-1864, and known as the “Storrs School” after its removal to the N.W. corner of Houston St. and Piedmont Ave.</p>
<!-- /wp:paragraph -->

<!-- wp:paragraph -->
<p>(On Candler Bldg., - preferably near main entrance – Peachtree St. side).</p>
<!-- /wp:paragraph -->

<!-- wp:paragraph -->
<p><strong>Newspaper Description</strong>:</p>
<!-- /wp:paragraph -->",,,,,,,,,,,,,,,,,,,,,,,,,,,,,,,,,,,,,,,,,,,,,,,
1006,"(26) First State Capitol in Atlanta, 1868-1889.","<!-- wp:paragraph -->
<p><strong>Wilbur Kurtz's Archival Description:</strong></p>
<!-- /wp:paragraph -->

<!-- wp:paragraph -->
<p>(26) Site of the first State Capitol in Atlanta – 1868-1889.&nbsp; Erected by Hannibal I. Kimball as an Opera House.&nbsp; Demolished in 1900.</p>
<!-- /wp:paragraph -->

<!-- wp:paragraph -->
<p><strong>Newspaper Description:</strong></p>
<!-- /wp:paragraph -->

<!-- wp:paragraph -->
<p>Site of the first State Capitol in Atlanta – 1868-1889.  Western Union Building, southwest corner Marietta and Forsyth Streets.</p>
<!-- /wp:paragraph -->",,,,,,,,,,,,,,,,,,,,,,,,,,,,,,,,,,,,,,,,,,,,,,,
137,(27) Approximate site of the Mineral Spring,"<!-- wp:paragraph -->
<p><strong>Wilbur Kurtz's Archival Description:</strong></p>
<!-- /wp:paragraph -->

<!-- wp:paragraph -->
<p>(27) Approximate site of the Mineral Spring, a popular resort in early Atlanta history.</p>
<!-- /wp:paragraph -->

<!-- wp:paragraph -->
<p>(North end of the train sheds – Terminal Station).</p>
<!-- /wp:paragraph -->

<!-- wp:paragraph -->
<p><strong>Newspaper Description:</strong></p>
<!-- /wp:paragraph -->",,,,,,,,,,,,,,,,,,,,,,,,,,,,,,,,,,,,,,,,,,,,,,,
139,"(28) Confederate Arsenal and Military Storehouse, 1863-1864.","<!-- wp:paragraph -->
<p><strong>Wilbur Kurtz's Archival Description:</strong></p>
<!-- /wp:paragraph -->

<!-- wp:paragraph -->
<p>(28) Site of Confederate Arsenal and Military Storehouse, 1863-1864.</p>
<!-- /wp:paragraph -->

<!-- wp:paragraph -->
<p>(Gee Muse Clothing Co., N.W. Peachtree and Walton Sts.)</p>
<!-- /wp:paragraph -->

<!-- wp:paragraph -->
<p><strong>Newspaper Description:</strong></p>
<!-- /wp:paragraph -->

<!-- wp:paragraph -->
<p>Site of Confederate arsenal and military storehouse, 1863-1864.  George Muse Company store, Confederate barracks and prison, 1862-1864.  Peachtree Street, entrance Peachtree Arcade.</p>
<!-- /wp:paragraph -->",,,,,,,,,,,,,,,,,,,,,,,,,,,,,,,,,,,,,,,,,,,,,,,
1007,(29) Site of “Norcross’ Corner” and the Norcross General Store.,"<!-- wp:paragraph -->
<p><strong>Wilbur Kurtz's Archival Description:</strong></p>
<!-- /wp:paragraph -->

<!-- wp:paragraph -->
<p>(29) This site, known in early Atlanta history as “Norcross’ Corner”, was purchased by Jonathan Norcross, Fourth Mayor of Atlanta, March 21, 1846, from Samuel Mitchell who created Atlanta’s first subdivision.  Here was established the Norcross General Store.</p>
<!-- /wp:paragraph -->

<!-- wp:paragraph -->
<p>(First National Bank at Five Points.&nbsp; Mr. J.K. Ottley stated that he would arrange for this tablet).</p>
<!-- /wp:paragraph -->

<!-- wp:paragraph -->
<p><strong>Newspaper Description:</strong></p>
<!-- /wp:paragraph -->",,,,,,,,,,,,,,,,,,,,,,,,,,,,,,,,,,,,,,,,,,,,,,,
1012,(3) Piedmont Park,"<!-- wp:paragraph -->
<p><strong><span style=""text-decoration: underline;"">Wilbur Kurtz's Archival Description</span></strong>:</p>
<!-- /wp:paragraph -->

<!-- wp:paragraph -->
<p>(3) Piedmont Park. Site of Piedmont Exposition of 1887 and the Cotton States and International Exposition of 1895. After the latter exposition the property was purchased by the city, and has gradually been developed into the splendid Piedmont Park of today.</p>
<!-- /wp:paragraph -->

<!-- wp:paragraph -->
<p>(Some prominent location in Piedmont Park)</p>
<!-- /wp:paragraph -->

<!-- wp:paragraph -->
<p><strong><span style=""text-decoration: underline;"">Newspaper Description:</span></strong></p>
<!-- /wp:paragraph -->",,,,,,,,,,,,,,,,,,,,,,,,,,,,,,,,,,,,,,,,,,,,,,,
143,"(30) Concert Hall, used as Confederate Barracks and Prison, 1862-1864.","<!-- wp:paragraph -->
<p><strong>Wilbur Kurtz's Archival Description:</strong></p>
<!-- /wp:paragraph -->

<!-- wp:paragraph -->
<p>(30) Site of Concert Hall, used as Confederate Barracks and Prison, 1862-1864.&nbsp; From this building, James J. Andrews, of the Andrews Raid, was taken to the place of execution.&nbsp; Here stood the National Hotel.</p>
<!-- /wp:paragraph -->

<!-- wp:paragraph -->
<p>(Peachtree St., front Peachtree Arcade).</p>
<!-- /wp:paragraph -->

<!-- wp:paragraph -->
<p><strong>Newspaper Description:</strong></p>
<!-- /wp:paragraph -->",,,,,,,,,,,,,,,,,,,,,,,,,,,,,,,,,,,,,,,,,,,,,,,
145,"(32) Site of the Atheneum, Atlanta’s first theatre.","<!-- wp:paragraph -->
<p><strong>Wilbur Kurtz's Archival Description:</strong></p>
<!-- /wp:paragraph -->

<!-- wp:paragraph -->
<p>(32) Site of the Atheneum, Atlanta’s first theatre, built by James E. Williams, 1854-1855.</p>
<!-- /wp:paragraph -->

<!-- wp:paragraph -->
<p>(North side Decatur St., East of Peachtree – two-thirds of distance to Pryor).</p>
<!-- /wp:paragraph -->

<!-- wp:paragraph -->
<p><strong>Newspaper Description:</strong></p>
<!-- /wp:paragraph -->",,,,,,,,,,,,,,,,,,,,,,,,,,,,,,,,,,,,,,,,,,,,,,,
1008,"(33) Tin and Sheet Metal Shop of Moses W. Formwalt, 1845-1850. ","<!-- wp:paragraph -->
<p><strong>Wilbur Kurtz's Archival Description:</strong></p>
<!-- /wp:paragraph -->

<!-- wp:paragraph -->
<p>(33) Here stood the Tin and Sheet Metal Shop of Moses W. Formwalt – 1845-1850.  This block was then known as “Murrel’s Row”.</p>
<!-- /wp:paragraph -->

<!-- wp:paragraph -->
<p><strong>Newspaper Description:</strong></p>
<!-- /wp:paragraph -->",,,,,,,,,,,,,,,,,,,,,,,,,,,,,,,,,,,,,,,,,,,,,,,
149,(34) Engine House – Atlanta Volunteer Fire Co. No. 1,"<!-- wp:paragraph -->
<p><strong>Wilbur Kurtz's Archival Description:</strong></p>
<!-- /wp:paragraph -->

<!-- wp:paragraph -->
<p>(34) Site of Engine House – Atlanta Volunteer Fire Co. No. 1, (organized March 24, 1851).  Building erected 1854.</p>
<!-- /wp:paragraph -->

<!-- wp:paragraph -->
<p>(Southwest corner railroad and Broad St.)</p>
<!-- /wp:paragraph -->

<!-- wp:paragraph -->
<p><strong>Newspaper Description:</strong></p>
<!-- /wp:paragraph -->",,,,,,,,,,,,,,,,,,,,,,,,,,,,,,,,,,,,,,,,,,,,,,,
1009,"(35) The Atlanta Hotel, Atlanta’s first regular hostelry.","<!-- wp:paragraph -->
<p><strong>Wilbur Kurtz's Archival Description:</strong></p>
<!-- /wp:paragraph -->

<!-- wp:paragraph -->
<p>(35) Site of the Atlanta Hotel, Atlanta’s first regular hostelry, operated by Dr. Joseph Thompson.  Erected 1846; destroyed by the Federal army in 1864.</p>
<!-- /wp:paragraph -->

<!-- wp:paragraph -->
<p><strong>Newspaper Description:</strong></p>
<!-- /wp:paragraph -->",,,,,,,,,,,,,,,,,,,,,,,,,,,,,,,,,,,,,,,,,,,,,,,
1010,(36) Site of Old State Square,"<!-- wp:paragraph -->
<p><strong>Wilbur Kurtz's Archival Description:</strong></p>
<!-- /wp:paragraph -->

<!-- wp:paragraph -->
<p>(36) The area bounded by Decatur, Pryor, Alabama Sts., and Central Avenue, was the old State Square, consisting of five acres, deeded to the State of Georgia by Samuel Mitchell, July 11, 1842.&nbsp; Here the terminus of the State Railroad was re-located, a temporary depot and a two-story house (Chief Engineer’s office) were erected.&nbsp; The name “Terminus” was dropped and Marthasville substituted, its charter granted Dec. 23, 1843.</p>
<!-- /wp:paragraph -->

<!-- wp:paragraph -->
<p><strong>Newspaper Description:</strong></p>
<!-- /wp:paragraph -->

<!-- wp:paragraph -->
<p>Site of terminus of Western &amp; Atlantic R. R. and old Union passenger station.</p>
<!-- /wp:paragraph -->",,,,,,,,,,,,,,,,,,,,,,,,,,,,,,,,,,,,,,,,,,,,,,,
1019,"(37) Battlefield of Peachtree Creek - July 20, 1864","<!-- wp:paragraph -->
<p><span style=""text-decoration: underline;"">Wilbur Kurtz's Archival Description:</span></p>
<!-- /wp:paragraph -->

<!-- wp:paragraph -->
<p>(37) &nbsp;&nbsp;&nbsp;&nbsp; <span style=""text-decoration: underline;"">Battlefield of Peachtree Creek</span> – July 20, 1865.</p>
<!-- /wp:paragraph -->

<!-- wp:paragraph -->
<p>Left of the line – Brig. Gen. Alpheus S. William’s div. of the Federal 20<sup>th</sup> Corps. The right extended westward toward Howell Mill Rd.</p>
<!-- /wp:paragraph -->

<!-- wp:paragraph -->
<p>These troops were assaulted by Walthall’s division of Stewart’s Corps (Confederate) – Cantey’s brigade of which moved against Robinson’s brigade at this point which formed, with Jones’ brigade of Geary’s division, a re-entrant angle in the Federal lines.</p>
<!-- /wp:paragraph -->

<!-- wp:paragraph -->
<p>(On west side of North Side Drive – at summit of ridge north of Northfleet Road, where William’s breastworks are still visible)</p>
<!-- /wp:paragraph -->

<!-- wp:paragraph -->
<p><span style=""text-decoration: underline;"">Newspaper Description</span>:</p>
<!-- /wp:paragraph -->

<!-- wp:paragraph -->
<p>37. Battlefield of Peachtree Creek. Federal position. East side Northside Drive between Northfleet and Mckinley Roads. (D-3)</p>
<!-- /wp:paragraph -->",,,,,,,,,,,,,,,,,,,,,,,,,,,,,,,,,,,,,,,,,,,,,,,
1020,"(38) Battlefield of Peachtree Creek - July 20, 1864","<!-- wp:paragraph -->
<p><span style=""text-decoration: underline;"">Wilbur Kurtz's Archival Description:</span></p>
<!-- /wp:paragraph -->

<!-- wp:paragraph -->
<p>(38)&nbsp;&nbsp;&nbsp;&nbsp; Flags Captured – Battlefield of Peachtree Creek – July 20, 1864.</p>
<!-- /wp:paragraph -->

<!-- wp:paragraph -->
<p>&nbsp;&nbsp;&nbsp;&nbsp;&nbsp;&nbsp;&nbsp;&nbsp;&nbsp;&nbsp;&nbsp; About 3:30 p.m., Gen. Geary posted the 33d New Jersey regiment on this hill as an outpost to his main line at Collier Road. Such was the suddenness of Loring’s onslaught that the 33d was overwhelmed and barely escaped capture. John E. Abernathy – 27<sup>th</sup> Alabama – seized the New Jersey State Flag, which was later carried into Atlanta and jubilantly displayed as a trophy.</p>
<!-- /wp:paragraph -->

<!-- wp:paragraph -->
<p>            (On high hill south of Collier Road – the hill is west of Tanyard Ranch and is crossed by a line of steel towers and power lines)</p>
<!-- /wp:paragraph -->

<!-- wp:paragraph -->
<p><span style=""text-decoration: underline;"">Newspaper Description:</span></p>
<!-- /wp:paragraph -->

<!-- wp:paragraph -->
<p>38. Battlefield of Peachtree Creek. Point of assault on 33rd New Jersey Regiment by Confederates. South side Collier Road at power line steel tower. (D-3)</p>
<!-- /wp:paragraph -->",,,,,,,,,,,,,,,,,,,,,,,,,,,,,,,,,,,,,,,,,,,,,,,
1037,(39) Kyle's Corner,"<!-- wp:paragraph -->
<p><span style=""text-decoration: underline;"">Wilbur Kurtz Archival Description:</span></p>
<!-- /wp:paragraph -->

<!-- wp:paragraph -->
<p>(39)&nbsp;&nbsp;&nbsp;&nbsp; This site, known in early Atlanta history as Kyle’s Corner, was the location of a store owned and operated by Thomas Kyle. At the first Atlanta city election, held here Jan. 29, 1848, Moses H. Formwalt was elected Mayor and as Council Members: James A Collins, Benj. F. Bomar, Robt. W. Bullard, Anderson W. Walton, L. C. Simpson and Jonas S. Smith.</p>
<!-- /wp:paragraph -->

<!-- wp:paragraph -->
<p>(On the William-Oliver Bldg. at Five Points)</p>
<!-- /wp:paragraph -->

<!-- wp:paragraph -->
<p><span style=""text-decoration: underline;"">Newspaper Description:</span></p>
<!-- /wp:paragraph -->

<!-- wp:paragraph -->
<p>[NO DESCRIPTION]</p>
<!-- /wp:paragraph -->",,,,,,,,,,,,,,,,,,,,,,,,,,,,,,,,,,,,,,,,,,,,,,,
165,"(4) This area, formerly known as Oglethorpe Park, was the site of the Cotton Exposition of 1881.","<!-- wp:paragraph -->
<p><strong><span style=""text-decoration: underline;"">Wilbur Kurtz's Archival Description</span></strong>:</p>
<!-- /wp:paragraph -->

<!-- wp:paragraph -->
<p>(4) This area, formerly known as Oglethorpe Park, was the site of the Cotton Exposition of 1881. While reporting the Exposition for the New York World, Walter Hines Page met Woodrow Wilson, then practising law in Atlanta. In 1913 President Wilson appointed Page Ambassador to the Court of St. James. The Exposition Cotton Mills were established here in 1882.</p>
<!-- /wp:paragraph -->

<!-- wp:paragraph -->
<p>(Southside Marietta st. at Alamo Ave. – just beyond steel bridge over R.R. at Howell Station)</p>
<!-- /wp:paragraph -->

<!-- wp:paragraph -->
<p><strong><span style=""text-decoration: underline;"">Newspaper Description:</span></strong></p>
<!-- /wp:paragraph -->",,,,,,,,,,,,,,,,,,,,,,,,,,,,,,,,,,,,,,,,,,,,,,,
1021,(41) Fulton County Court House,"<!-- wp:paragraph -->
<p><span style=""text-decoration: underline;"">Wilbur Kurtz's Archival Description:</span></p>
<!-- /wp:paragraph -->

<!-- wp:paragraph -->
<p>(41) Original structure of Fulton County Court House, erected on this site in 1881. Present edifice erected 1912 – 1914.</p>
<!-- /wp:paragraph -->

<!-- wp:paragraph -->
<p>            (Fulton County Court House)</p>
<!-- /wp:paragraph -->

<!-- wp:paragraph -->
<p><span style=""text-decoration: underline;"">Newspaper Description:</span></p>
<!-- /wp:paragraph -->

<!-- wp:paragraph -->
<p>[NO DESCRIPTION]</p>
<!-- /wp:paragraph -->",,,,,,,,,,,,,,,,,,,,,,,,,,,,,,,,,,,,,,,,,,,,,,,
1013,"(5) Site of Atlanta’s first tannery and shoe factory, operated by J. C. Orme & Co.","<!-- wp:paragraph -->
<p><strong><span style=""text-decoration: underline;"">Wilbur Kurtz's Archival Description</span></strong>:</p>
<!-- /wp:paragraph -->

<!-- wp:paragraph -->
<p>(5) Site of Atlanta’s first tannery and shoe factory, operated by J. C. Orme &amp; Co. The stream, formerly in this valley, was known as Tanyard Branch.</p>
<!-- /wp:paragraph -->

<!-- wp:paragraph -->
<p>(Northeast corner, Toolwood Drive and Simpson St.)</p>
<!-- /wp:paragraph -->

<!-- wp:paragraph -->
<p><strong><span style=""text-decoration: underline;"">Newspaper Description:</span></strong></p>
<!-- /wp:paragraph -->",,,,,,,,,,,,,,,,,,,,,,,,,,,,,,,,,,,,,,,,,,,,,,,
1022,(52) Peachtrees fork at Baker St.,"<!-- wp:paragraph -->
<p><strong><span style=""text-decoration: underline;"">Wilbur Kurtz’s Archival Description</span></strong>:</p>
<!-- /wp:paragraph -->

<!-- wp:paragraph -->
<p> (52) Here, May 1, 1886, Jefferson Davis, President of the Southern Confederacy, spoke at the ceremonies incident to the unveiling of the marble statue of Senator Benj. H. Hill The statue was later removed to the State Capitol. </p>
<!-- /wp:paragraph -->

<!-- wp:paragraph -->
<p>(Where the Peachtrees fork at Baker St.) </p>
<!-- /wp:paragraph -->

<!-- wp:paragraph -->
<p><strong><span style=""text-decoration: underline;"">Newspaper Description:</span></strong></p>
<!-- /wp:paragraph -->",,,,,,,,,,,,,,,,,,,,,,,,,,,,,,,,,,,,,,,,,,,,,,,
1023,(53) The Senator Benj. H. Hill Residence,"<!-- wp:paragraph -->
<p><strong><span style=""text-decoration: underline;"">Wilbur Kurtz’s Archival Description</span></strong>:</p>
<!-- /wp:paragraph -->

<!-- wp:paragraph -->
<p>(53) On this site stood the residence of Senator Benj. H. Hill, where he died, Aug. 16, 1882. </p>
<!-- /wp:paragraph -->

<!-- wp:paragraph -->
<p>(on the store bldg. next north of Capitol City Club) </p>
<!-- /wp:paragraph -->

<!-- wp:paragraph -->
<p><strong><span style=""text-decoration: underline;"">Newspaper Description:</span></strong></p>
<!-- /wp:paragraph -->",,,,,,,,,,,,,,,,,,,,,,,,,,,,,,,,,,,,,,,,,,,,,,,
1027,(54) Angier’s Academy,"<!-- wp:paragraph -->
<p><strong><span style=""text-decoration: underline;"">Wilbur Kurtz’s Archival Description</span></strong>:</p>
<!-- /wp:paragraph -->

<!-- wp:paragraph -->
<p>(54) Site of Angier’s Academy, 1847; also site of the Holland Free school, 1852-1858 – the first public school established in Atlanta. </p>
<!-- /wp:paragraph -->

<!-- wp:paragraph -->
<p>(Southwest corner, Forsyth &amp; Cornett Sts.) </p>
<!-- /wp:paragraph -->

<!-- wp:paragraph -->
<p><strong><span style=""text-decoration: underline;"">Newspaper Description:</span></strong></p>
<!-- /wp:paragraph -->",,,,,,,,,,,,,,,,,,,,,,,,,,,,,,,,,,,,,,,,,,,,,,,
1028,(55) Ezra church,"<!-- wp:paragraph -->
<p><strong><span style=""text-decoration: underline;"">Wilbur Kurtz’s Archival Description</span></strong>:</p>
<!-- /wp:paragraph -->

<!-- wp:paragraph -->
<p>(55) Here stood the little frame edifice known as Ezra church-M. E. Church, South- on a half acre plot deeded by James and Nancy Coursey to the trustees, Oct. 31, 1853. </p>
<!-- /wp:paragraph -->

<!-- wp:paragraph -->
<p>On July 28, 1864, Brig. Con. C. E. Woods division, constituting the left of the Federal 15<sup>th</sup> corps, occupied a position just east and south of this site. In the battle, Col. Hugo Wangelair’s brigade fought from behind a barricade of benches removed from the church.</p>
<!-- /wp:paragraph -->

<!-- wp:paragraph -->
<p>The battle – named for the church – was Gen. Hood’s third attempt to checkmate Sherman’s drive upon Atlanta. </p>
<!-- /wp:paragraph -->

<!-- wp:paragraph -->
<p>(Southeastern corner of Moseley Park. On July 28, 1937 the Margaret A. Wilson Chapter, Children of the Confederacy, unveiled a temporary board marker with the above inscription on it, at the church site. They promise to permanently mark the site with a boulder and a bronze tablet in the near future.)</p>
<!-- /wp:paragraph -->

<!-- wp:paragraph -->
<p><strong><span style=""text-decoration: underline;"">Newspaper Description:</span></strong></p>
<!-- /wp:paragraph -->",,,,,,,,,,,,,,,,,,,,,,,,,,,,,,,,,,,,,,,,,,,,,,,
1029,(56) Battlefield of Ezra Church,"<!-- wp:paragraph -->
<p><strong><span style=""text-decoration: underline;"">Wilbur Kurtz’s Archival Description</span></strong>:</p>
<!-- /wp:paragraph -->

<!-- wp:paragraph -->
<p>(56) Battlefield of Ezra Church – July 28,1864. From this vicinity on this the old Lick Skillet road, the Confederate troops of Brown’s and Clayton’s divisions of Lt. Gen. Stephen D. Lee’s Corps and later, Walthall’s division of Lt. Gen. Alexander P. Stewart’s Corps, advanced to attack the Federal 15<sup>th</sup> Corps posted on the ridge northward. </p>
<!-- /wp:paragraph -->

<!-- wp:paragraph -->
<p>After repeated assaults, which failed to dislodge the enemy, the Confederate forces withdrew via Gordon Road to the city fortifications.This was Gen. Hood’s third attempt to halt Sherman’s drive upon Atlanta. </p>
<!-- /wp:paragraph -->

<!-- wp:paragraph -->
<p>(Where Anderson Avenue Joins Gordon Road. This is at the northern border of West View Cemetery.) </p>
<!-- /wp:paragraph -->

<!-- wp:paragraph -->
<p><strong><span style=""text-decoration: underline;"">Newspaper Description:</span></strong></p>
<!-- /wp:paragraph -->",,,,,,,,,,,,,,,,,,,,,,,,,,,,,,,,,,,,,,,,,,,,,,,
1030,(57) Southeast Corner of Oakland Cemetery,"<!-- wp:paragraph -->
<p><strong><span style=""text-decoration: underline;"">Wilbur Kurtz’s Archival Description</span></strong>:</p>
<!-- /wp:paragraph -->

<!-- wp:paragraph -->
<p>(57) This six acre tract in the southeast corner of Oakland Cemetery was purchased by the City of Atlanta June 6, 1850, and established as a cemetery. Some years later, additions were made, the present area comprising some 85 acres. </p>
<!-- /wp:paragraph -->

<!-- wp:paragraph -->
<p>(On the Oakland Cemetery wall, northeast corner Fair Street and Oakland Ave.) </p>
<!-- /wp:paragraph -->

<!-- wp:paragraph -->
<p><strong><span style=""text-decoration: underline;"">Newspaper Description:</span></strong></p>
<!-- /wp:paragraph -->",,,,,,,,,,,,,,,,,,,,,,,,,,,,,,,,,,,,,,,,,,,,,,,
1031,(58) Walton Springs,"<!-- wp:paragraph -->
<p><strong><span style=""text-decoration: underline;"">Wilbur Kurtz’s Archival Description</span></strong>:</p>
<!-- /wp:paragraph -->

<!-- wp:paragraph -->
<p>(58) Site of Walton Springs, a noted resorts in the 1950s – scene of public gatherings and political rallies. Once the property of lee Walton, for whom Walton St. was named. Spring St. was so named because it led to the spring. </p>
<!-- /wp:paragraph -->

<!-- wp:paragraph -->
<p>(Northwest corner, Spring and Williams St. (Williams was formerly known as James St.) The spring was in the low ground now used for a parking lot.) </p>
<!-- /wp:paragraph -->

<!-- wp:paragraph -->
<p><strong><span style=""text-decoration: underline;"">Newspaper Description:</span></strong></p>
<!-- /wp:paragraph -->",,,,,,,,,,,,,,,,,,,,,,,,,,,,,,,,,,,,,,,,,,,,,,,
1032,(59) Atlanta’s First City Hall,"<!-- wp:paragraph -->
<p><strong><span style=""text-decoration: underline;"">Wilbur Kurtz’s Archival Description</span></strong>:</p>
<!-- /wp:paragraph -->

<!-- wp:paragraph -->
<p>(59) Site of Atlanta’s first City Hall – 1853-1883. Used jointly by the Fulton County Courts. During the occupation of Atlanta by Federal troops, Sept, Nove, 1864, the 2d Mass. Regiment, constituting the Provost Guard, camped in temporary structures in the park. From here, Sept. 6, 1864, went forth the notice to the civilian populace to assemble for registration and eviction from the city. </p>
<!-- /wp:paragraph -->

<!-- wp:paragraph -->
<p>(Yard of State Capitol) </p>
<!-- /wp:paragraph -->

<!-- wp:paragraph -->
<p><strong><span style=""text-decoration: underline;"">Newspaper Description:</span></strong></p>
<!-- /wp:paragraph -->",,,,,,,,,,,,,,,,,,,,,,,,,,,,,,,,,,,,,,,,,,,,,,,
169,"(6) At or near this site, James J. Andrews, leader of the celebrated Andrews Railroad Raid, was executed as a spy, June 7th, 1862, and was buried near the scaffold.","<!-- wp:paragraph -->
<p><strong><span style=""text-decoration: underline;"">Wilbur Kurtz's Archival Description</span></strong>:</p>
<!-- /wp:paragraph -->

<!-- wp:paragraph -->
<p>(6) At or near this site, James J. Andrews, leader of the celebrated Andrews Railroad Raid, was executed as a spy, June 7<sup>th</sup>, 1862, and was buried near the scaffold. In April, 1887, his remains were removed to the National Cemetery at Chattanooga, Tenn.</p>
<!-- /wp:paragraph -->

<!-- wp:paragraph -->
<p>(Any one of the four corners – Juniper and Third Sts.)</p>
<!-- /wp:paragraph -->

<!-- wp:paragraph -->
<p><strong><span style=""text-decoration: underline;"">Newspaper Description:</span></strong></p>
<!-- /wp:paragraph -->",,,,,,,,,,,,,,,,,,,,,,,,,,,,,,,,,,,,,,,,,,,,,,,
1033,(60) Atlanta’s first Fair Grounds,"<!-- wp:paragraph -->
<p><strong><span style=""text-decoration: underline;"">Wilbur Kurtz’s Archival Description</span></strong>:</p>
<!-- /wp:paragraph -->

<!-- wp:paragraph -->
<p>(60) Site of Atlanta’s first Fair Grounds – The road thereto being known as Fair Street. The first fair was held here in 1850 by the South Central Agricultural Society. A Confederate Hospital was located here in 1863-1864. </p>
<!-- /wp:paragraph -->

<!-- wp:paragraph -->
<p>(Fair Street School – Fair St. S.E.)</p>
<!-- /wp:paragraph -->

<!-- wp:paragraph -->
<p><strong><span style=""text-decoration: underline;"">Newspaper Description:</span></strong></p>
<!-- /wp:paragraph -->",,,,,,,,,,,,,,,,,,,,,,,,,,,,,,,,,,,,,,,,,,,,,,,
1034,(61) Tanyard Branch - Battlefield of Peachtree Creek,"<!-- wp:paragraph -->
<p><strong><span style=""text-decoration: underline;"">Wilbur Kurtz’s Archival Description</span></strong>:</p>
<!-- /wp:paragraph -->

<!-- wp:paragraph -->
<p>(61) Tanyard Branch – Battlefield of Peachtree Creek&nbsp;</p>
<!-- /wp:paragraph -->

<!-- wp:paragraph -->
<p>100 feet down stream stood Collier’s Hill. On the ridge adjacent and astride the branch was posted Con. (afterward President) Benjamin Harrison’s brigade, Ward’s Division, Federal 20<sup>th</sup> Corpe, which defended this position against the assault of the Confederate forces of Maj. Gen. Loring’s Div. of Stewart’s Corps - July 20, 1864.&nbsp;</p>
<!-- /wp:paragraph -->

<!-- wp:paragraph -->
<p>(On bridge over Tanyard Branch – Collier Road. Tablet to be affixed to pipe rail of bridge or emplaced on stone at west end of bridge – in any event, it must be placed so the reader of same faces downstream)&nbsp;</p>
<!-- /wp:paragraph -->

<!-- wp:paragraph -->
<p><strong><span style=""text-decoration: underline;"">Newspaper Description:</span></strong></p>
<!-- /wp:paragraph -->",,,,,,,,,,,,,,,,,,,,,,,,,,,,,,,,,,,,,,,,,,,,,,,
227,(62) Battlefield of Peachtree Creek,"<!-- wp:paragraph -->
<p><strong><span style=""text-decoration: underline;"">Wilbur Kurtz’s Archival Description</span></strong>:</p>
<!-- /wp:paragraph -->

<!-- wp:paragraph -->
<p>(62) Battlefield of Peachtree Creek – July 20, 1864 </p>
<!-- /wp:paragraph -->

<!-- wp:paragraph -->
<p>On this ridge was posted the left of Brig. Gen. John W. Geary’s Div. of the federal 20<sup>th</sup> Corps, consisting of the 73d, 109<sup>th</sup>, and 147<sup>th</sup> Pennsylvania Rgts. . . the 60<sup>th</sup>. And 119<sup>th</sup> New York Rgts. In support of Aleshire’s artillery. The right of the division was across the ravine northward. </p>
<!-- /wp:paragraph -->

<!-- wp:paragraph -->
<p>After a severe conflict, they repulsed the vigorous assaults of Featherston’s and Scott’s brigades of Loring’s division, Stewart’s Corps. Geary’s division fought at Gettysburg. </p>
<!-- /wp:paragraph -->

<!-- wp:paragraph -->
<p>(Roadside marker – Collier Road – north side of same – in front of vacant lot just west of the John Mangham place – a white brick house west of Tanyard Branch) </p>
<!-- /wp:paragraph -->

<!-- wp:paragraph -->
<p><strong><span style=""text-decoration: underline;"">Newspaper Description:</span></strong></p>
<!-- /wp:paragraph -->",,,,,,,,,,,,,,,,,,,,,,,,,,,,,,,,,,,,,,,,,,,,,,,
362,(63) Site of Washington Hall,"<!-- wp:paragraph -->
<p><strong>Wilbur Kurtz’s Archival Description</strong>:</p>
<!-- /wp:paragraph -->

<!-- wp:paragraph -->
<p>(63) Site of Washington Hall, a hotel of the late 40s erected by Capt. James Loyd. Later purchased by William Markham, seventh mayor of Atlanta, and operated by him until the capture of the city by Federal forces in 1864. Mr. Markham erected a hotel on this site in 1875 which was destroyed by fire in 1896.</p>
<!-- /wp:paragraph -->

<!-- wp:paragraph -->
<p>Sept. 22, 1877, President Rutherford B. Hayes addressed a large crowd of citizens from the front of the Markham House.</p>
<!-- /wp:paragraph -->

<!-- wp:paragraph -->
<p>            (On Central Avenue at the food of Wall St. Viaduct on front of a large brick building)</p>
<!-- /wp:paragraph -->

<!-- wp:paragraph -->
<p><strong>Newspaper Description:</strong></p>
<!-- /wp:paragraph -->

<!-- wp:paragraph -->
<p></p>
<!-- /wp:paragraph -->",,,,,,,,,,,,,,,,,,,,,,,,,,,,,,,,,,,,,,,,,,,,,,,
1044,(64) Site of Atlanta’s first Rolling Mill,"<!-- wp:paragraph -->
<p><strong>Wilbur Kurtz’s Archival Description</strong>:</p>
<!-- /wp:paragraph -->

<!-- wp:paragraph -->
<p>(64) Site of Atlanta’s first Rolling Mill, established 1857. Operated by Lewis Sohofield after Jan. 1, 1858, William Markham, associate.</p>
<!-- /wp:paragraph -->

<!-- wp:paragraph -->
<p>Here armor-plate for the Confederate Navy was manufactured, including the sheathing for the celebrated iron-clad Merrimac.</p>
<!-- /wp:paragraph -->

<!-- wp:paragraph -->
<p>The Mill was destroyed by Confederate authorities when Atlanta was abandoned, Sept. 1, 1864</p>
<!-- /wp:paragraph -->

<!-- wp:paragraph -->
<p>(Directly across Boulevard, S.E. from the Fulton Bag &amp; Cotton Mill in the area now occupied by a coal yard)</p>
<!-- /wp:paragraph -->

<!-- wp:paragraph -->
<p><strong>Newspaper Description:</strong></p>
<!-- /wp:paragraph -->",,,,,,,,,,,,,,,,,,,,,,,,,,,,,,,,,,,,,,,,,,,,,,,
367,(65) Site of the Synagogue of the Hebrew Benevolent Congregation – 1875-1902.,"<!-- wp:paragraph -->
<p><strong>Wilbur Kurtz’s Archival Description</strong>:</p>
<!-- /wp:paragraph -->

<!-- wp:paragraph -->
<p>(65) Site of the Synagogue of the Hebrew Benevolent Congregation – 1875-1902.</p>
<!-- /wp:paragraph -->

<!-- wp:paragraph -->
<p>&nbsp;&nbsp;&nbsp;&nbsp;&nbsp;&nbsp;&nbsp;&nbsp;&nbsp;&nbsp;&nbsp; (Southeast corner, Forsyth and Garnett Sts.)</p>
<!-- /wp:paragraph -->

<!-- wp:paragraph -->
<p><strong>Newspaper Description:</strong></p>
<!-- /wp:paragraph -->",,,,,,,,,,,,,,,,,,,,,,,,,,,,,,,,,,,,,,,,,,,,,,,
371,"(66) Battlefield of Peachtree Creek – July 20, 1864","<!-- wp:paragraph -->
<p><strong>Wilbur Kurtz’s Archival Description</strong>:</p>
<!-- /wp:paragraph -->

<!-- wp:paragraph -->
<p>(66) Battlefield of Peachtree Creek – July 20, 1864</p>
<!-- /wp:paragraph -->

<!-- wp:paragraph -->
<p>The Hiram H Embry Plantation – a conspicuous locality during the battle. Reynolds brigade, the left of Walthall’s division, Stewart’s Corps, swept across this ground, northeastward, to assault William’s division of the Federal 20<sup>th</sup> Corps posted above Northfleet Rd.</p>
<!-- /wp:paragraph -->

<!-- wp:paragraph -->
<p>Near this spot was killed Maj. W. C. Preston of S. Carolina, while supervising the placement of Selden’s battery.</p>
<!-- /wp:paragraph -->

<!-- wp:paragraph -->
<p>            (Southwest corner Collier Rd. and Howell Mill Road)</p>
<!-- /wp:paragraph -->

<!-- wp:paragraph -->
<p><strong>Newspaper Description:</strong></p>
<!-- /wp:paragraph -->",,,,,,,,,,,,,,,,,,,,,,,,,,,,,,,,,,,,,,,,,,,,,,,
373,"(67) Site of old Mt. Zion Church - Battlefield of Peachtree Creek, July 20, 1864","<!-- wp:paragraph -->
<p><strong>Wilbur Kurtz’s Archival Description</strong>:</p>
<!-- /wp:paragraph -->

<!-- wp:paragraph -->
<p>(67) Site of old Mt. Zion Church - Battlefield of Peachtree Creek, July 20, 1864</p>
<!-- /wp:paragraph -->

<!-- wp:paragraph -->
<p>Advanced position of Confederate skirmish line just before the battle. Here Reynold’s div. of Stewart’s Corps deployed for the assault against William’s div. of the Federal 20<sup>th</sup> Corps.</p>
<!-- /wp:paragraph -->

<!-- wp:paragraph -->
<p>Burial place of Hiram H. Embry, whose plantation was contiguous and Sergt. Wm. R. Moore of Wheeler’s Cavalry, killed three days before the battle.</p>
<!-- /wp:paragraph -->

<!-- wp:paragraph -->
<p>&nbsp;&nbsp;&nbsp;&nbsp;&nbsp;&nbsp;&nbsp;&nbsp;&nbsp;&nbsp;&nbsp; (In the yard of North Side Park Baptist Church No. 1877 Howell Mill Road, N.W.)</p>
<!-- /wp:paragraph -->

<!-- wp:paragraph -->
<p><strong>Newspaper Description:</strong></p>
<!-- /wp:paragraph -->",,,,,,,,,,,,,,,,,,,,,,,,,,,,,,,,,,,,,,,,,,,,,,,
375,(68) Site of Gen. Ira R. Foster’s house,"<!-- wp:paragraph -->
<p><strong>Wilbur Kurtz’s Archival Description</strong>:</p>
<!-- /wp:paragraph -->

<!-- wp:paragraph -->
<p>(68) Site of Gen. Ira R. Foster’s house, occupied as headquarters by Lt. Gen. Alexander P. Stewart during the battle of Peachtree Creek, July 20, 1264.</p>
<!-- /wp:paragraph -->

<!-- wp:paragraph -->
<p>(This site is on City Property – east side Howell Mill Road and some 200 or 300 ft. south of Bishop St., between the public sidewalk and a two story red brick building used by the Atlanta Water Works. The immediate site is a grassy plot.)</p>
<!-- /wp:paragraph -->

<!-- wp:paragraph -->
<p><strong>Newspaper Description:</strong></p>
<!-- /wp:paragraph -->",,,,,,,,,,,,,,,,,,,,,,,,,,,,,,,,,,,,,,,,,,,,,,,
377,"(69) Battlefield of Peachtree Creek – July 20, 1864","<!-- wp:paragraph -->
<p><strong>Wilbur Kurtz’s Archival Description</strong>:</p>
<!-- /wp:paragraph -->

<!-- wp:paragraph -->
<p>(69) Battlefield of Peachtree Creek – July 20, 1864</p>
<!-- /wp:paragraph -->

<!-- wp:paragraph -->
<p>About 2:00 p.m. the troops of Brig. Gen. John Newton’s div. of the Federal 4<sup>th</sup> Corps, having crossed Peachtree Creek, took position on this hill-top - Blake’s brigade east of Peachtree Rd. – Kimball’s brigade west – Goodspeed’s and Spencer’s batteries in the road, and Bradley brigade in the rear of the artillery.</p>
<!-- /wp:paragraph -->

<!-- wp:paragraph -->
<p>Here they were attacked about 4:30 p.m. by Bate’s, Walker’s and Maney’s divisions of Hardee’s Corps. Bate’s attack east of the road began the battle of Peachtree Creek.</p>
<!-- /wp:paragraph -->

<!-- wp:paragraph -->
<p>(S.E. or N.E. corner Peachtree and Brighton Roads. The markers on Spalding place nearby are wrongly placed. Howell’s battery could not have been there with an entire Federal division on that hill; I carefully explained this to the late Clark Howell – to his satisfaction)</p>
<!-- /wp:paragraph -->

<!-- wp:paragraph -->
<p><strong>Newspaper Description:</strong></p>
<!-- /wp:paragraph -->",,,,,,,,,,,,,,,,,,,,,,,,,,,,,,,,,,,,,,,,,,,,,,,
1014,(7) The old Richard C. Todd home,"<!-- wp:paragraph -->
<p><strong><span style=""text-decoration: underline;"">Wilbur Kurtz's Archival Description</span></strong>:</p>
<!-- /wp:paragraph -->

<!-- wp:paragraph -->
<p>(7) The old Richard C. Todd home – place – established 1822 and still occupied by his descendants. The oldest continuous home of one family in Atlanta. The original house was destroyed by fire in 1911. The family cemetery is on a hill in rear of the house.</p>
<!-- /wp:paragraph -->

<!-- wp:paragraph -->
<p>(816 Greenwood Avenue, N.E.)</p>
<!-- /wp:paragraph -->

<!-- wp:paragraph -->
<p><strong><span style=""text-decoration: underline;"">Newspaper Description:</span></strong></p>
<!-- /wp:paragraph -->",,,,,,,,,,,,,,,,,,,,,,,,,,,,,,,,,,,,,,,,,,,,,,,
380,"(70) Battlefield of Peachtree Creek – July 20, 1864","<!-- wp:paragraph -->
<p><strong>Wilbur Kurtz’s Archival Description</strong>:</p>
<!-- /wp:paragraph -->

<!-- wp:paragraph -->
<p>(70) Battlefield of Peachtree Creek – July 20, 1864</p>
<!-- /wp:paragraph -->

<!-- wp:paragraph -->
<p>The Andrew J. Collier house, a part of which was standing during the battle. A short distance southwest of it. Brig. Gen. Clement H. Stevens, commanding a brigade in walker’s div. of Hardee’s Corps, was killed while leading his brigade into the battle.</p>
<!-- /wp:paragraph -->

<!-- wp:paragraph -->
<p>&nbsp;&nbsp;&nbsp;&nbsp;&nbsp;&nbsp;&nbsp;&nbsp;&nbsp;&nbsp;&nbsp; (In yard of the white house at the southwest corner of Peachtree and Collier Roads)</p>
<!-- /wp:paragraph -->

<!-- wp:paragraph -->
<p><strong>Newspaper Description:</strong></p>
<!-- /wp:paragraph -->",,,,,,,,,,,,,,,,,,,,,,,,,,,,,,,,,,,,,,,,,,,,,,,
382,"(71) Near this point Mayor James M. Calhoun and a committee of citizens made formal surrender of the city to Col John Coburn of the Federal 20th Corps, Sept. 2, 1864.","<!-- wp:paragraph -->
<p><strong>Wilbur Kurtz’s Archival Description</strong>:</p>
<!-- /wp:paragraph -->

<!-- wp:paragraph -->
<p>(71) Near this point Mayor James M. Calhoun and a committee of citizens made formal surrender of the city to Col John Coburn of the Federal 20<sup>th</sup> Corps, Sept. 2, 1864.</p>
<!-- /wp:paragraph -->

<!-- wp:paragraph -->
<p>Shortly after, the 20<sup>th</sup> Corps troops entered the city via Marietta St. and took possession of the City Hall.</p>
<!-- /wp:paragraph -->

<!-- wp:paragraph -->
<p>(Where Curran St. joins Marietta St…. several blocks above point where Bankhead highway joins Marietta St.)</p>
<!-- /wp:paragraph -->

<!-- wp:paragraph -->
<p><strong>Newspaper Description:</strong></p>
<!-- /wp:paragraph -->",,,,,,,,,,,,,,,,,,,,,,,,,,,,,,,,,,,,,,,,,,,,,,,
1045,(72) Loring’s Hill,"<!-- wp:paragraph -->
<p><strong>Wilbur Kurtz’s Archival Description</strong>:</p>
<!-- /wp:paragraph -->

<!-- wp:paragraph -->
<p>(72) Loring’s Hill – Position of Maj. Gen. William W. Loring’s div. of Stewart’s Corps (Confederate), afternoon of July 20, 1864. From this line Loring’s troops moved northward to attack the Federal Gen. Geary’s division at Collier Road.</p>
<!-- /wp:paragraph -->

<!-- wp:paragraph -->
<p>(The high hill east of North Side Drive between Bishop Street and the Seaboard RR. This is in Land Lot 147 of the 17<sup>th</sup> Dist.- Fulton County. The breastworks still crown the summit of this hill)</p>
<!-- /wp:paragraph -->

<!-- wp:paragraph -->
<p><strong>Newspaper Description:</strong></p>
<!-- /wp:paragraph -->",,field_52fce6b357fd3,,field_52fce6f757fd4,,field_52fce71557fd5,,field_52fce74757fd6,,field_52fce75e57fd7,,field_52fce77f57fd8,,field_52fce79b57fd9,,field_5397f9c2e00a4,,field_52fce7dc57fda,,field_5397fdad318ec,,field_5397f9d0e00a5,,field_53993e5702092,,,,,,,,,,,,,,,,,,,,,,,
1038,(73) The House of Three Flags,"<!-- wp:paragraph -->
<p><strong>Wilbur Kurtz Archival Description:</strong></p>
<!-- /wp:paragraph -->

<!-- wp:paragraph -->
<p>The Huff House- Erected 1855. Headquarters of Maj. T. R. Hotchkiss, Artillery battalion commander of Hardee’s Corps – Confederates., July 18-20, 1861. Occupied by Federal officers during siege of Atlanta – protected from destruction by the hoisting of a British Flag. </p>
<!-- /wp:paragraph -->

<!-- wp:paragraph -->
<p>(70 Huff Road. Leave Marietta St. via steel bridge that carries Marietta Ca., interurban line over the W &amp; A RR. - turn right into Huff Road at the end of the bridge) </p>
<!-- /wp:paragraph -->

<!-- wp:paragraph -->
<p><strong>Newspaper Description:</strong></p>
<!-- /wp:paragraph -->

<!-- wp:paragraph -->
<p>[No Description]</p>
<!-- /wp:paragraph -->",,,,,,,,,,,,,,,,,,,,,,,,,,,,,,,,,,,,,,,,,,,,,,,
243,(74) Site of the Ephriam G. Ponder House,"<!-- wp:paragraph -->
<p><strong>Wilbur Kurtz Archival Description:</strong></p>
<!-- /wp:paragraph -->

<!-- wp:paragraph -->
<p>A conspicuous building that stood on the line of eighty fortifications during the siege of Atlanta, July 22d – August 25<sup>th</sup>, 1864. A brick structure that hot shot failed to burn, but a battered ruin from the Federal artillery at 8<sup>th</sup> St. Here was posted Capt. Wm. C. Jeffress Nottoway Virginia, artillery. </p>
<!-- /wp:paragraph -->

<!-- wp:paragraph -->
<p>(Hilltop bounded by Ponder Ave., Oxford St., Third St. And Guyton St.) </p>
<!-- /wp:paragraph -->

<!-- wp:paragraph -->
<p><strong>Newspaper Description:</strong></p>
<!-- /wp:paragraph -->

<!-- wp:paragraph -->
<p>[No Description]</p>
<!-- /wp:paragraph -->",,,,,,,,,,,,,,,,,,,,,,,,,,,,,,,,,,,,,,,,,,,,,,,
245,(75) Site of Fort Hood,"<!-- wp:paragraph -->
<p><strong>Wilbur Kurtz Archival Description:</strong></p>
<!-- /wp:paragraph -->

<!-- wp:paragraph -->
<p>northwestern salient of the city fortifications during the siege of Atlanta, July 22d – Aug. 25<sup>th</sup>, 1864. Here was posted Capt. S. L. Barry’s battery.  </p>
<!-- /wp:paragraph -->

<!-- wp:paragraph -->
<p>(At Fort Hood Place, immediately north of Marietta St. Just above where Bankhead Highway joins. The hill where the fort was has been out through by Fort Hood Place – For no good reason – and all traces of the fort have disappeared)&nbsp;</p>
<!-- /wp:paragraph -->

<!-- wp:paragraph -->
<p><strong>Newspaper Description:</strong></p>
<!-- /wp:paragraph -->

<!-- wp:paragraph -->
<p>[No Description]</p>
<!-- /wp:paragraph -->",,,,,,,,,,,,,,,,,,,,,,,,,,,,,,,,,,,,,,,,,,,,,,,
247,(76) Site of Old State Street School,"<!-- wp:paragraph -->
<p><strong>Wilbur Kurtz Archival Description:</strong></p>
<!-- /wp:paragraph -->

<!-- wp:paragraph -->
<p>This eminence was crowned by a fort in the line of city fortifications during the siege of Atlanta, July 22d – Aug. 25<sup>th</sup>, 1864. Here was posted Capt. Alcide Bouanchaud’s Pointe  Coupee (Louisians) artillery, attached to Stewart’s Corps. </p>
<!-- /wp:paragraph -->

<!-- wp:paragraph -->
<p>(North side Wallac St. - west of state)&nbsp;</p>
<!-- /wp:paragraph -->

<!-- wp:paragraph -->
<p><strong>Newspaper Description:</strong></p>
<!-- /wp:paragraph -->

<!-- wp:paragraph -->
<p>[No Description]</p>
<!-- /wp:paragraph -->",,,,,,,,,,,,,,,,,,,,,,,,,,,,,,,,,,,,,,,,,,,,,,,
251,(77) Site of one of the Forts in the line of city defense works during the siege of Atlanta,"<!-- wp:paragraph -->
<p><strong>Wilbur Kurtz Archival Description:</strong></p>
<!-- /wp:paragraph -->

<!-- wp:paragraph -->
<p>July 22d – Aug 25<sup>th</sup>, 1864. Here was posted Capt. Overton W. Barret’s Missouri battery.&nbsp;</p>
<!-- /wp:paragraph -->

<!-- wp:paragraph -->
<p>(This is the high hill south of Bankhead Highway viaduct over Railroad)&nbsp;</p>
<!-- /wp:paragraph -->

<!-- wp:paragraph -->
<p><strong>Newspaper Description:</strong></p>
<!-- /wp:paragraph -->

<!-- wp:paragraph -->
<p>282 Moreland Ave., S. E Koch Residence. Leggett's Hall. A crucial point in the Battle of Atlanta. See bronze tablet on gate post.</p>
<!-- /wp:paragraph -->",,,,,,,,,,,,,,,,,,,,,,,,,,,,,,,,,,,,,,,,,,,,,,,
257,(78) Site of Willis Carlisle's Store - 1845,"<!-- wp:paragraph -->
<p><strong>Wilbur Kurtz Archival Description:</strong></p>
<!-- /wp:paragraph -->

<!-- wp:paragraph -->
<p>Site of the famous Trout House, one of Atlanta’s best known antebellum hotels, erected by Jeremiah F. Trout, 1855. Destroyed when Federal troops burned Atlanta, Nov. 14<sup>th</sup>, 1864. </p>
<!-- /wp:paragraph -->

<!-- wp:paragraph -->
<p>(Northeast corner Pryor &amp; Decatur Sts. - wall of the 10 Pryor St. Bldg.) </p>
<!-- /wp:paragraph -->

<!-- wp:paragraph -->
<p><strong>Newspaper Description: </strong></p>
<!-- /wp:paragraph -->

<!-- wp:paragraph -->
<p>[No Description] </p>
<!-- /wp:paragraph -->",,,,,,,,,,,,,,,,,,,,,,,,,,,,,,,,,,,,,,,,,,,,,,,
1039,"(79) Leggetts Hill. July 20, 1864.","<!-- wp:paragraph -->
<p><strong>Wilbur Kurtz Archival Description:</strong></p>
<!-- /wp:paragraph -->

<!-- wp:paragraph -->
<p>Wheeler’s Cavalry, C.S.A. defended this against Gresham’s div. Of the Federal 17<sup>th</sup> Corps, moving from Decatur. July 21, Cleburne’s div. Of Hardee’s Corps, having relieved Wheeler, was forced to withdraw to the city defenses following an assault by Leggett’s division of the 17<sup>th</sup> Corps.  </p>
<!-- /wp:paragraph -->

<!-- wp:paragraph -->
<p>July 22, the 17<sup>th</sup> Corps defended this hill against Cleburne’s and Maney’s divisions of Hardee’s Corps and Stevenson’s div. Of Cheatham’s Corps. The conflict was waged throughout the afternoon at this, the key position and the storm-center of the Battle of Atlanta.&nbsp;&nbsp;</p>
<!-- /wp:paragraph -->

<!-- wp:paragraph -->
<p><strong>Newspaper Description:</strong></p>
<!-- /wp:paragraph -->

<!-- wp:paragraph -->
<p>[No Description]</p>
<!-- /wp:paragraph -->",,,,,,,,,,,,,,,,,,,,,,,,,,,,,,,,,,,,,,,,,,,,,,,
1015,(8) Davis Street School,"<!-- wp:paragraph -->
<p><strong><span style=""text-decoration: underline;"">Wilbur Kurtz's Archival Description</span></strong>:</p>
<!-- /wp:paragraph -->

<!-- wp:paragraph -->
<p>(8) Davis Street School. Established in 1887. Former site of City Powder Magazine.</p>
<!-- /wp:paragraph -->

<!-- wp:paragraph -->
<p>(Westside of Davis Street, between Spencer and Thurmond Sts, N.W.)</p>
<!-- /wp:paragraph -->

<!-- wp:paragraph -->
<p><strong><span style=""text-decoration: underline;"">Newspaper Description:</span></strong></p>
<!-- /wp:paragraph -->",,,,,,,,,,,,,,,,,,,,,,,,,,,,,,,,,,,,,,,,,,,,,,,
1040,"(80) A point in the city defense works during the siege of Atlanta, July 22d – Aug. 25th, 1864.","<!-- wp:paragraph -->
<p><strong>Wilbur Kurtz Archival Description:</strong></p>
<!-- /wp:paragraph -->

<!-- wp:paragraph -->
<p>This sector was occupied by Ector’s brigade, French’s div. Of Stewart’s Corps. </p>
<!-- /wp:paragraph -->

<!-- wp:paragraph -->
<p>On the hill-top was located Ward’s Alabama battery of Storr’s artillery battalion.&nbsp;</p>
<!-- /wp:paragraph -->

<!-- wp:paragraph -->
<p>July 27, a Federal shell exploded over the battery – mortally wounded Capt. John J. Kard and inflicted a wound in the left leg of Brig. Gen. Matthew D. Ector, rendering amputation necessary.  </p>
<!-- /wp:paragraph -->

<!-- wp:paragraph -->
<p><strong>Newspaper Description:</strong></p>
<!-- /wp:paragraph -->

<!-- wp:paragraph -->
<p>[No Description]</p>
<!-- /wp:paragraph -->",,,,,,,,,,,,,,,,,,,,,,,,,,,,,,,,,,,,,,,,,,,,,,,
265,"(81) This point, at the left of the Federal Army of the Tennessee","<!-- wp:paragraph -->
<p><strong>Wilbur Kurtz Archival Description:</strong></p>
<!-- /wp:paragraph -->

<!-- wp:paragraph -->
<p>closing in on Atlanta was intrenched and occupied night of July 21<sup>st</sup>, 1864, by Smith’s, formerly Gresham’s div. Of the 17<sup>th</sup> Corps.&nbsp;&nbsp;</p>
<!-- /wp:paragraph -->

<!-- wp:paragraph -->
<p>At 1:00 P.M, July 22, Cleburne’s and Maney’s divisions of Hardee’s Corps, moving up Flat Shoals road, attacked the flank of Smith’s division here, capturing the 16<sup>th</sup> Iowa regt. Of Hall’s (3d) brigade and 2 guns of Battery F, 2d Illinois Light Artillery.&nbsp;&nbsp;</p>
<!-- /wp:paragraph -->

<!-- wp:paragraph -->
<p>After a severe contest, Smith’s div. Was driven northward and re-formed on the south slope of Leggett’s Hill. </p>
<!-- /wp:paragraph -->

<!-- wp:paragraph -->
<p>(on a grass plot – Texaco Filling Station – Glernwood &amp; Flat Shoals Ave.) </p>
<!-- /wp:paragraph -->

<!-- wp:paragraph -->
<p><strong>Newspaper Description:</strong></p>
<!-- /wp:paragraph -->

<!-- wp:paragraph -->
<p>[No Description]</p>
<!-- /wp:paragraph -->",,,,,,,,,,,,,,,,,,,,,,,,,,,,,,,,,,,,,,,,,,,,,,,
1041,(82) Lt. Gen. John B. Hood's Headquarters,"<!-- wp:paragraph -->
<p><strong>Wilbur Kurtz Archival Description:</strong></p>
<!-- /wp:paragraph -->

<!-- wp:paragraph -->
<p>On this site Lt. Gen. John B. Hood, commanding the Army of Tennessee had his headquarters from July 25 to Sept. 1, 1864, during the siege of Atlanta by Federal forces.&nbsp;</p>
<!-- /wp:paragraph -->

<!-- wp:paragraph -->
<p>(Southeast corner – Whitehall and Old Hood St., now Eugenia St. Filling station occupies this site at present)&nbsp;</p>
<!-- /wp:paragraph -->

<!-- wp:paragraph -->
<p><strong>Newspaper Description:</strong></p>
<!-- /wp:paragraph -->

<!-- wp:paragraph -->
<p>[No Description]</p>
<!-- /wp:paragraph -->",,,,,,,,,,,,,,,,,,,,,,,,,,,,,,,,,,,,,,,,,,,,,,,
1042,(83) Capt. John B. Rowan Fort,"<!-- wp:paragraph -->
<p>Site of a fort in the line of city defense works during the siege of Atlanta, July 22d - Aug 25th, 1866. Here was posted Capt. John B. Rowan’s battery of Maj. John w. Johnston’s artillery battalion of Stevenson’s div., Cheathams, later Lee’s Corps.</p>
<!-- /wp:paragraph -->

<!-- wp:paragraph -->
<p>(Georgian Terrace Hotel or Shrine Mosque)</p>
<!-- /wp:paragraph -->",,,,,,,,,,,,,,,,,,,,,,,,,,,,,,,,,,,,,,,,,,,,,,,
1024,(84) First Fulton County Jail,"<!-- wp:paragraph -->
<p>Site of the first Fulton County Jail - erected 1855; destroyed by the Federal army, Nov. 1865. It was a&nbsp; two story brick structure 45 by 50 ft., surrounded by a high board fence.</p>
<!-- /wp:paragraph -->

<!-- wp:paragraph -->
<p>Here were imprisoned 21 Andrews Raiders in 1862. On June 18 seven of them were executed at southeast corner of Fair st. and S. Park Ave. On Oct. 16th, eight escaped; the remaining six were sent to Richmond and exchanged.</p>
<!-- /wp:paragraph -->

<!-- wp:paragraph -->
<p>A second jail occupied this site after the war, until 1897.</p>
<!-- /wp:paragraph -->

<!-- wp:paragraph -->
<p>(Northeast corner - Fair St. and Fraser St. North line of jail lot on prolongation of Cravens Alley. East line of lot, Kingsley St,</p>
<!-- /wp:paragraph -->",,,,,,,,,,,,,,,,,,,,,,,,,,,,,,,,,,,,,,,,,,,,,,,3/20/2022
1043,(85) Storr’s school,"<!-- wp:paragraph -->
<p>Site of Storr’s school (colored). This was a large frame structure built by the Confederate Government on the Candler Bldg. site, for a commissary office. Removed to this site after war and occupied as a school until 1923.</p>
<!-- /wp:paragraph -->

<!-- wp:paragraph -->
<p>(here Fair st. crosses Peters st.)</p>
<!-- /wp:paragraph -->",,,,,,,,,,,,,,,,,,,,,,,,,,,,,,,,,,,,,,,,,,,,,,,
273,(87) Humburg square,"<!-- wp:paragraph -->
<p>This area, bounded by Alabama, Pryor. Whitehall and the railroad was known in the late ‘60s and ‘70s as Humburg square. It was largely vacant property and was rented to traveling circuses, medicine shows and auctioneers with dubious merchandise.</p>
<!-- /wp:paragraph -->

<!-- wp:paragraph -->
<p>(Locality sufficiently indicated in text of tablet)</p>
<!-- /wp:paragraph -->",,,,,,,,,,,,,,,,,,,,,,,,,,,,,,,,,,,,,,,,,,,,,,,
1025,(88) Route taken by Lt. Gen. Hardee’s Corps,"<!-- wp:paragraph -->
<p>Route taken by Lt. Gen. Van. J. Hardee’s Corps and Maj. Gen. Joseph Wheeler’s Cavalry on its flanking march to the rear of McPherson's Army of the Tennessee, night of July 21, 1864, which resulted in the Battle of Atlanta on the 22d</p>
<!-- /wp:paragraph -->

<!-- wp:paragraph -->
<p>Same route was taken by Stewart’s Corps when Atlanta was evacuated, Sept. 1st, 1864.</p>
<!-- /wp:paragraph -->

<!-- wp:paragraph -->
<p>A portion of Sherman’s Army, moving into the city from Jonesboro, came in on this road.</p>
<!-- /wp:paragraph -->

<!-- wp:paragraph -->
<p>(Capitol Ave - some conspicuous place near Capital - State Highway Bldg. for instance)</p>
<!-- /wp:paragraph -->",,,,,,,,,,,,,,,,,,,,,,,,,,,,,,,,,,,,,,,,,,,,,,,3/20/2022
1026,(89) Federal Siege Lines,"<!-- wp:paragraph -->
<p>Federal siege lines crossed Marietta St. at or near this point, during operations against the city by Sherman’s Army. July 22d, - Aug. 25th, 1864</p>
<!-- /wp:paragraph -->

<!-- wp:paragraph -->
<p>(Intersection of Brady Ave. and Marietta St.)</p>
<!-- /wp:paragraph -->",,,,,,,,,,,,,,,,,,,,,,,,,,,,,,,,,,,,,,,,,,,,,,,3/20/2022
1016,(9) Site of Patrick Lynch’s rock quarry,"<!-- wp:paragraph -->
<p><strong><span style=""text-decoration: underline;"">Wilbur Kurtz's Archival Description</span></strong>:</p>
<!-- /wp:paragraph -->

<!-- wp:paragraph -->
<p>(9) Site of Patrick Lynch’s rock quarry, where much of the stone for early Atlanta buildings was obtained.</p>
<!-- /wp:paragraph -->

<!-- wp:paragraph -->
<p>(Davis St. Steam Plant – Georgia Power Co.)</p>
<!-- /wp:paragraph -->

<!-- wp:paragraph -->
<p><strong><span style=""text-decoration: underline;"">Newspaper Description:</span></strong></p>
<!-- /wp:paragraph -->",,,,,,,,,,,,,,,,,,,,,,,,,,,,,,,,,,,,,,,,,,,,,,,
201,(90) First Federal Shell,"<!-- wp:paragraph -->
<p>Near this spot, July 22d, 1864, the first Federal shell fired into the city killed a small child.</p>
<!-- /wp:paragraph -->

<!-- wp:paragraph -->
<p>(Southwest corner - Ivy &amp; Ellis Sts.)</p>
<!-- /wp:paragraph -->",,,,,,,,,,,,,,,,,,,,,,,,,,,,,,,,,,,,,,,,,,,,,,,3/20/2022
1035,(91) Pine Tree and Signal,"<!-- wp:paragraph -->
<p>At or near this site stood a tall pine tree used as a single station by the Federal 15th Corps during the Battle of Atlanta, July 22d, 1864.</p>
<!-- /wp:paragraph -->

<!-- wp:paragraph -->
<p>(In yard of Fire Station No. 12 - Northwest corner DeKalb Ave. and Moreland Ave.)</p>
<!-- /wp:paragraph -->",,,,,,,,,,,,,,,,,,,,,,,,,,,,,,,,,,,,,,,,,,,,,,,
275,(92) Capt. James A. Hoskins Fort,"<!-- wp:paragraph -->
<p>Site of a fort in line of City defense works during siege of Atlanta, July 22d - Aug, 25th, 1864. Occupied by Capt. James A. Hoskins Mississippi battery, supported by infantry of French’s div., Stewart’s Corps.</p>
<!-- /wp:paragraph -->

<!-- wp:paragraph -->
<p>From this point extended, in a southwesterly direction, an additional line of fortifications constructed July 28th for the protection of the two railroads entering the city from West Point and Macon.</p>
<!-- /wp:paragraph -->

<!-- wp:paragraph -->
<p>(Northeast corner Ashby and Fair Sts., S.W.)</p>
<!-- /wp:paragraph -->",,,,,,,,,,,,,,,,,,,,,,,,,,,,,,,,,,,,,,,,,,,,,,,
277,(93) James Austin Jett House,"<!-- wp:paragraph -->
<p>House site of the pioneer settler, James Austin Jett - 1824. Site of a fort in line of city defense works during siege of Atlanta, July 22d - Aug. 25th, 1864. Occupied by Capt. Henry Cuibor’s Missouri battery, Storr’s artillery battalion, supported by infantry of Stewart's Corps.</p>
<!-- /wp:paragraph -->

<!-- wp:paragraph -->
<p>(Hill- top west side of Chestnut St., between West Pamter St. and Carter St.)</p>
<!-- /wp:paragraph -->",,,,,,,,,,,,,,,,,,,,,,,,,,,,,,,,,,,,,,,,,,,,,,,
279,(94) Joseph B. Jennings House,"<!-- wp:paragraph -->
<p>Site of the Joseph B. Jennings House - Maj. Gen. Samuel C. French’s head- quarters during the siege of Atlanta, July 22 - Aug. 25, 1864, Gen. French commanded a division in Stewart’s Corps.</p>
<!-- /wp:paragraph -->

<!-- wp:paragraph -->
<p>(Southeast corner Fair and Chestnut - about 100 feet south of Fair - east side of Chestnut. This is across Chestnut from More-house College Campus)</p>
<!-- /wp:paragraph -->",,,,,,,,,,,,,,,,,,,,,,,,,,,,,,,,,,,,,,,,,,,,,,,
281,(95) Headquarters of Generals Hardee and Bate,"<!-- wp:paragraph -->
<p>Approximate site of the headquarters of the confederate Generals Hardee and Bate during the battle of Peachtree Creek, July 20, 1864.</p>
<!-- /wp:paragraph -->

<!-- wp:paragraph -->
<p>(Intersection of 16th and Mecaslin Sts. - old Konts farm)</p>
<!-- /wp:paragraph -->",,,,,,,,,,,,,,,,,,,,,,,,,,,,,,,,,,,,,,,,,,,,,,,
1036,(96) Howard House,"<!-- wp:paragraph -->
<p> Site of the Augustus F. Hurt House - erroneously called the Howard house. Built 1858. Gen. W. T. Sherman’s headquarters during battle of Atlanta, July 22, 1864. Gen. McPherson’s body was brought to this house shortly after his death on the battlefield in East Atlanta.</p>
<!-- /wp:paragraph -->",,,,,,,,,,,,,,,,,,,,,,,,,,,,,,,,,,,,,,,,,,,,,,,
81,(97) DeGress' Battery,"<!-- wp:paragraph -->
<p><strong><span style=""text-decoration: underline;"">Wilbur Kurtz's Archival Description</span></strong>:</p>
<!-- /wp:paragraph -->

<!-- wp:paragraph -->
<p>(97) DeGress' Batter - Position of Battery H, 1st Illinois Light Artillery, commanded by Capt. Francis DeGress - July 22d, 1864. This battery was captured by the confederate forces of Manigault's brigade, Hindman's Div., Cheatham's Corps - late re-taken by infantry of the 15th and 16th Corps.</p>
<!-- /wp:paragraph -->

<!-- wp:paragraph -->
<p>(DeGress Ave. - west side of street - at the top of the grade where street turns to right)</p>
<!-- /wp:paragraph -->

<!-- wp:paragraph -->
<p></p>
<!-- /wp:paragraph -->

<!-- wp:paragraph -->
<p><strong><span style=""text-decoration: underline;"">Newspaper Description:</span></strong></p>
<!-- /wp:paragraph -->

<!-- wp:paragraph -->
<p>Position of Battery H. 1st. Illinois Light Artillery commanded by Captain Francis De Gress - July 22, 1864.</p>
<!-- /wp:paragraph -->

<!-- wp:paragraph -->
<p>(De Gress Ave. N.E., Just north of DeKalb Avenue.) (F-6)</p>
<!-- /wp:paragraph -->",,,,,,,,,,,,,,,,,,,,,,,,,,,,,,,,,,,,,,,,,,,,,,,
976,(97) DeGress' Battery,"<!-- wp:paragraph -->
<p><strong><span style=""text-decoration: underline;"">Atlanta Chamber of Commerce</span></strong> Page 17</p>
<!-- /wp:paragraph -->

<!-- wp:paragraph -->
<p>Position of Battery H, 1st Illinois Light Artillery, commanded by Capt. Francis DeGress - July 22d, 1864. This battery was captured by the confederate forces of Manigault's brigade, Hindman's Div., Cheatham's Corps - late re-taken by infantry of the 15th and 16th Corps.</p>
<!-- /wp:paragraph -->

<!-- wp:paragraph -->
<p>(DeGress Ave. - west side of street - at the top of the grade where street turns to right)</p>
<!-- /wp:paragraph -->

<!-- wp:paragraph -->
<p><strong><span style=""text-decoration: underline;"">Newspaper Publication Text</span></strong></p>
<!-- /wp:paragraph -->

<!-- wp:paragraph -->
<p>De Gress' Battery - Position of Batter H, 1st Illinois Light Artillery commanded by Captain Francis De Gress - July 22, 1864. </p>
<!-- /wp:paragraph -->

<!-- wp:paragraph -->
<p>(DeGress Ave. N.E., just north of DeKalb Ave.) (F-6)</p>
<!-- /wp:paragraph -->",,field_52fce6b357fd3,,field_52fce6f757fd4,,field_52fce71557fd5,,field_52fce74757fd6,,field_52fce75e57fd7,,field_52fce77f57fd8,,field_52fce79b57fd9,,field_5397f9c2e00a4,,field_52fce7dc57fda,,field_5397fdad318ec,,field_5397f9d0e00a5,,field_53993e5702092,,,,,,,,,,,,,,,,,,,,,,,
92,(98) Col. Stephen Harriman Long - 1784 - 1864,"<!-- wp:paragraph -->
<p><strong><span style=""text-decoration: underline;"">Wilbur Kurtz's Archival Description</span></strong>:</p>
<!-- /wp:paragraph -->

<!-- wp:paragraph -->
<p>(98) Col. Stephen Harriman Long - 1784 - 1864</p>
<!-- /wp:paragraph -->

<!-- wp:paragraph -->
<p>Who, as Chief Engineer of the Western &amp; Atlantic R.R. of the State of Georgia</p>
<!-- /wp:paragraph -->

<!-- wp:paragraph -->
<p>May 12, 1837-Nov. 3, 1840 located the site of Atlanta</p>
<!-- /wp:paragraph -->

<!-- wp:paragraph -->
<p>On July 4, 1837, Col. Long began the survey for the State R.R. between the Chattahoochee and Tennessee Rivers - the first bench mark being located near Pittman's Ferry in old Milton, now Fulton County.</p>
<!-- /wp:paragraph -->

<!-- wp:paragraph -->
<p>After running a series of trial lines, the corssing of the Chattahoochee was fixed at Bolton and toward the end of the year the survey was extended to this point in Land Lot 76 where the terminus of the railroad was established.</p>
<!-- /wp:paragraph -->

<!-- wp:paragraph -->
<p>This locality forthwith became known as terminus until Dec. 23, 1843, when the name was changed to Marthasville. On Dec. 26, 1845, Marthasville became Atlanta and under this name it was incorporated Dec. 29, 1847.</p>
<!-- /wp:paragraph -->

<!-- wp:paragraph -->
<p>(On Wall of Union Depot).</p>
<!-- /wp:paragraph -->

<!-- wp:paragraph -->
<p><strong><span style=""text-decoration: underline;"">Newspaper Description:</span></strong></p>
<!-- /wp:paragraph -->",,,,,,,,,,,,,,,,,,,,,,,,,,,,,,,,,,,,,,,,,,,,,,,
94,"(99) Battlefield of Atlanta - July 22d, 1864","<!-- wp:paragraph -->
<p><strong><span style=""text-decoration: underline;"">Wilbur Kurtz's Archival Description</span></strong>:</p>
<!-- /wp:paragraph -->

<!-- wp:paragraph -->
<p>(99) Battlefield of Atlanta - July 22d, 1864</p>
<!-- /wp:paragraph -->

<!-- wp:paragraph -->
<p>Site of the George M. Troup Hurt House - an unfinished brick residence at the time of the battle. Headquarters of the 10th S. Carolina regt. July 18-21, occupied by Lightburn's brigade, Smith's div. of the Federal 15th Corp, early the 22d.</p>
<!-- /wp:paragraph -->

<!-- wp:paragraph -->
<p>Afternoon of the 22d, Manigault's brigade of Hindman's div., Cheatham's Corps, U.S.A., captured this position but was forced to withdraw that evening. This was the house that appears conspicuously in the Cyclorama of the Battle of Atlanta at Grant Park.</p>
<!-- /wp:paragraph -->

<!-- wp:paragraph -->
<p>(DeGress Avenue - in yard of the stone edifice of the East Atlanta Primitive Baptist Church)</p>
<!-- /wp:paragraph -->

<!-- wp:paragraph -->
<p><strong><span style=""text-decoration: underline;"">Newspaper Description:</span></strong></p>
<!-- /wp:paragraph -->

<!-- wp:paragraph -->
<p>(99) Battlefield of Atlanta - July 22d, 1864 Site of General M. Troup Hurt House. This was the house that appears conspicuously in the Cyclorama of the Battle of Atlanta in Grant Park. (195 de Grass Avenue, North East) F-6)</p>
<!-- /wp:paragraph -->",,,,,,,,,,,,,,,,,,,,,,,,,,,,,,,,,,,,,,,,,,,,,,,
